Commit_ID,Date,Commit_Message,Change_Summary
ee2e60b8,2026-08-26,Update software metrics for version 2,"ee2e60b Update software metrics for version 2
 radon_analysis/radon_metrics.csv | 2 +-
 sample_code.py                   | 4 +++-
 2 files changed, 4 insertions(+), 2 deletions(-)
"
b69bc8c6,2026-08-26,Add Radon metrics analysis,"b69bc8c Add Radon metrics analysis
 radon_analysis/collect_metrics.py | 95 +++++++++++++++++++++++++++++++++++++++
 radon_analysis/radon_metrics.csv  |  2 +
 sample_code.py                    | 29 ++++++++++++
 3 files changed, 126 insertions(+)
"
bb146f13,2026-08-26,Initial commit,"bb146f1 Initial commit
 README.md | 2 ++
 1 file changed, 2 insertions(+)
"
